"","BM","OU","EB"
"Full configuration",-77310.1250074173,-77968.0112671296,-77308.1269368503
"Basicranium",-61536.6153416784,-61881.7696236185,-61534.6153416784
"Rest of cranium",-44893.2433106739,-88533.1591819713,-44891.2424776387
